"Gene Symbol","Gencode Id","Variant Id","SNP","P-Value","P-Value Threshold","NES","T-statistic","Tissue","Actions"
"CEBPA","ENSG00000245848.3","chr19_33293751_T_C_b38","chr19_33293751_T_C_b38","0.0000036","0.00015","-0.16","-4.7","Whole Blood","eQTL violin plot"
"DNMT3A","ENSG00000119772.19","chr2_25338138_T_A_b38","chr2_25338138_T_A_b38","0.0000012","0.00030","-0.23","-4.9","Whole Blood","eQTL violin plot"
"FLT3","ENSG00000122025.15","chr13_28036787_G_C_b38","chr13_28036787_G_C_b38","0.0000028","0.00015","-0.11","-4.7","Whole Blood","eQTL violin plot"
"IDH1","ENSG00000138413.14","chr2_208144383_G_A_b38","chr2_208144383_G_A_b38","3.5e-9","0.000068","-0.33","-6.2","Brain - Spinal cord (cervical c-1)","eQTL violin plot"
"IDH2","ENSG00000182054.10","chr15_90126825_C_T_b38","chr15_90126825_C_T_b38","5.4e-16","0.000092","-0.19","-8.5","Heart - Left Ventricle","eQTL violin plot"
"KIT","ENSG00000157404.17","chr4_54852968_A_G_b38","chr4_54852968_A_G_b38","2.5e-17","0.00020","0.16","8.7","Thyroid","eQTL violin plot"
"NPM1","ENSG00000181163.14","chr5_172234535_A_G_b38","chr5_172234535_A_G_b38","0.000018","0.000085","-0.23","-4.3","Adipose - Visceral (Omentum)","eQTL violin plot"
"RUNX1","ENSG00000159216.19","chr21_36005333_G_A_b38","chr21_36005333_G_A_b38","2.6e-9","0.000067","0.29","6.2","Brain - Anterior qcingulate cortex (BA24)","eQTL violin plot"
"TET2","ENSG00000168769.14","chr4_105585981_T_C_b38","chr4_105585981_T_C_b38","0.000078","0.00026","-0.049","-4.0","Whole Blood","eQTL violin plot"
"TP53","ENSG00000141510.18","chr17_8580874_A_C_b38","chr17_8580874_A_C_b38","0.0000020","0.000075","-1.2","-4.9","Cells - EBV-transformed lymphocytes","eQTL violin plot"
"WT1","ENSG00000184937.16","chr11_32259787_G_A_b38","chr11_32259787_G_A_b38","0.0000018","0.00018","0.14","4.8","Adipose - Visceral (Omentum)","eQTL violin plot"